SPOOL "C:\spooles\Airport.txt"
SET COLSEP '| * |'
SET PAGESIZE 99
SET LINESIZE 250
SET NULL 's/Datos'
DROP TABLE SEAT_RESERVATION CASCADE CONSTRAINTS;
DROP TABLE AIRPLANE CASCADE CONSTRAINTS;
DROP TABLE CAN_LAND CASCADE CONSTRAINTS;
DROP TABLE AIRPLANE_TYPE CASCADE CONSTRAINTS;
DROP TABLE FARE CASCADE CONSTRAINTS;
DROP TABLE LEG_INSTANCE CASCADE CONSTRAINTS;
DROP TABLE FLIGHT_LEG CASCADE CONSTRAINTS;
DROP TABLE FLIGHT CASCADE CONSTRAINTS;
DROP TABLE AIRPORT CASCADE CONSTRAINTS;
-- Crear la tabla AIRPORT
CREATE TABLE AIRPORT (
    AIRPORT_CODE CHAR(3),
    NAME VARCHAR2(70),
    CITY VARCHAR2(40),
    STATE VARCHAR2(40),
    COUNTRY VARCHAR2(40)
);

-- Crear la tabla FLIGHT
CREATE TABLE FLIGHT (
    FLIGHT_NUMBER NUMBER(4),
    AIRLINE VARCHAR2(40),
    WEEKDAYS VARCHAR2(40)
);

-- Crear la tabla FLIGHT_LEG
CREATE TABLE FLIGHT_LEG (
    FLIGHT_NUMBER NUMBER(4),
    LEG_NUMBER NUMBER(1),
    DEPARTURE_AIR_CODE CHAR(3),  
    SCHEDULED_DEPARTURE_TIME TIMESTAMP,
    ARRIVAL_AIRPORT_CODE CHAR(3),
    SCHEDULED_ARRIVAL_TIME TIMESTAMP
);

-- Crear la tabla LEG_INSTANCE
CREATE TABLE LEG_INSTANCE (
    FLIGHT_NUMBER NUMBER(4),
    LEG_NUMBER NUMBER(1),
    FECHA TIMESTAMP,  
    NUMBER_OF_AVAILABLE_SEATS NUMBER(4),
    AIRPLANE_ID CHAR(8),  
    DEPARTURE_AIRCODE CHAR(3),  
    DEPARTURE_TIME TIMESTAMP,  
    ARRIVAL_AIRPORT_CODE CHAR(3),
    ARRIVAL_TIME TIMESTAMP 
);

-- Crear la tabla FARE
CREATE TABLE FARE (
    FLIGHT_NUMBER NUMBER(4),
    FARE_CODE CHAR(1),
    AMOUNT NUMBER(7, 2),
    RESTRICTIONS VARCHAR2(3)
);

-- Crear la tabla AIRPLANE_TYPE
CREATE TABLE AIRPLANE_TYPE (
    AIRPLANE_TYPE_NAME CHAR(5),
    MAX_SEATS NUMBER(3),
    COMPANY VARCHAR2(40)  
);

-- Crear la tabla CAN_LAND
CREATE TABLE CAN_LAND (
    AIRPORT_TYPE_NAME NUMBER(2),
    AIRPORT_CODE CHAR(3)
);

-- Crear la tabla AIRPLANE
CREATE TABLE AIRPLANE (
    AIRPLANE_ID CHAR(8),
    TOTAL_NUMBER_OF_SEATS NUMBER(3),
    AIRPLANE_TYPE CHAR(5)  
);

-- Crear la tabla SEAT_RESERVATION
CREATE TABLE SEAT_RESERVATION (
    FLIGHT_NUMBER NUMBER(4),
    LEG_NUMBER NUMBER(2),  
    FECHA TIMESTAMP,  
    SEAT_NUMBER CHAR(4),
    CUSTOMER_NAME VARCHAR2(40),  
    CUSTOMER_PHONE VARCHAR2(12)
);

-- Restricciones para la tabla AIRPORT
ALTER TABLE AIRPORT
ADD CONSTRAINT PK_AIRPORT PRIMARY KEY (AIRPORT_CODE);

-- Restricciones para la tabla FLIGHT
ALTER TABLE FLIGHT
ADD CONSTRAINT PK_FLIGHT PRIMARY KEY (FLIGHT_NUMBER);

-- Restricciones para la tabla FLIGHT_LEG
ALTER TABLE FLIGHT_LEG
ADD CONSTRAINT PK_FLIGHT_LEG PRIMARY KEY (FLIGHT_NUMBER, LEG_NUMBER);

-- Restricciones para la tabla LEG_INSTANCE
ALTER TABLE LEG_INSTANCE
ADD CONSTRAINT PK_LEG_INSTANCE PRIMARY KEY (FLIGHT_NUMBER, LEG_NUMBER, FECHA);

-- Restricciones para la tabla FARE
ALTER TABLE FARE
ADD CONSTRAINT PK_FARE PRIMARY KEY (FLIGHT_NUMBER, FARE_CODE);

-- Restricciones para la tabla AIRPLANE_TYPE
ALTER TABLE AIRPLANE_TYPE
ADD CONSTRAINT PK_AIRPLANE_TYPE PRIMARY KEY (AIRPLANE_TYPE_NAME);

-- Restricciones para la tabla CAN_LAND
ALTER TABLE CAN_LAND
ADD CONSTRAINT PK_CAN_LAND PRIMARY KEY (AIRPORT_TYPE_NAME, AIRPORT_CODE);

-- Restricciones para la tabla AIRPLANE
ALTER TABLE AIRPLANE
ADD CONSTRAINT PK_AIRPLANE PRIMARY KEY (AIRPLANE_ID);

-- Restricciones para la tabla SEAT_RESERVATION
ALTER TABLE SEAT_RESERVATION
ADD CONSTRAINT PK_SEAT_RESERVATION PRIMARY KEY (FLIGHT_NUMBER, LEG_NUMBER, FECHA, SEAT_NUMBER, CUSTOMER_NAME);

ALTER TABLE FLIGHT_LEG
ADD CONSTRAINT FK_FLIGHT_LEG_FLIGHT FOREIGN KEY (FLIGHT_NUMBER) REFERENCES FLIGHT(FLIGHT_NUMBER);

ALTER TABLE LEG_INSTANCE
ADD CONSTRAINT FK_LEG_INSTANCE_FLIGHT FOREIGN KEY (FLIGHT_NUMBER, LEG_NUMBER) REFERENCES FLIGHT_LEG(FLIGHT_NUMBER, LEG_NUMBER);

ALTER TABLE LEG_INSTANCE
ADD CONSTRAINT FK_LEG_INSTANCE_AIRPLANE FOREIGN KEY (AIRPLANE_ID) REFERENCES AIRPLANE(AIRPLANE_ID);

ALTER TABLE LEG_INSTANCE
ADD CONSTRAINT FK_LEG_INSTANCE_DEPARTURE_AIRCODE FOREIGN KEY (DEPARTURE_AIRCODE) REFERENCES AIRPORT(AIRPORT_CODE);

ALTER TABLE LEG_INSTANCE
ADD CONSTRAINT FK_LEG_INSTANCE_ARRIVAL_AIRPORT_CODE FOREIGN KEY (ARRIVAL_AIRPORT_CODE) REFERENCES AIRPORT(AIRPORT_CODE);

ALTER TABLE FARE
ADD CONSTRAINT FK_FARE_FLIGHT FOREIGN KEY (FLIGHT_NUMBER) REFERENCES FLIGHT(FLIGHT_NUMBER);

ALTER TABLE SEAT_RESERVATION
ADD CONSTRAINT FK_SEAT_RESERVATION_FLIGHT FOREIGN KEY (FLIGHT_NUMBER, LEG_NUMBER, FECHA) REFERENCES LEG_INSTANCE(FLIGHT_NUMBER, LEG_NUMBER, FECHA);


ALTER TABLE AIRPLANE
ADD CONSTRAINT FK_AIRPLANE_AIRPLANE_TYPE FOREIGN KEY (AIRPLANE_TYPE) REFERENCES AIRPLANE_TYPE(AIRPLANE_TYPE_NAME);


ALTER TABLE CAN_LAND
ADD CONSTRAINT FK_CAN_LAND_AIRPORT FOREIGN KEY (AIRPORT_CODE) REFERENCES AIRPORT(AIRPORT_CODE);

--Restricciones check para la tablas
ALTER TABLE AIRPORT MODIFY (AIRPORT_CODE CHAR(3) CONSTRAINT AIRPORT_CODE_NNULL NOT NULL);
ALTER TABLE AIRPORT MODIFY (NAME VARCHAR2(60) CONSTRAINT AIRPORT_NAME_NNULL NOT NULL);
ALTER TABLE AIRPORT MODIFY (CITY VARCHAR2(40) CONSTRAINT AIRPORT_CITY_NNULL NOT NULL);
ALTER TABLE AIRPORT MODIFY (STATE VARCHAR2(40) CONSTRAINT AIRPORT_STATE_NNULL NOT NULL);

ALTER TABLE FLIGHT MODIFY (FLIGHT_NUMBER NUMBER(4) CONSTRAINT FLIGHT_NUMBER_NNULL NOT NULL);
ALTER TABLE FLIGHT MODIFY (AIRLINE VARCHAR2(40) CONSTRAINT FLIGHT_AIRLINE_NNULL NOT NULL);
ALTER TABLE FLIGHT MODIFY (WEEKDAYS VARCHAR2(40) CONSTRAINT FLIGHT_WEEKDAYS_NNULL NOT NULL);

ALTER TABLE FLIGHT_LEG MODIFY (FLIGHT_NUMBER NUMBER(4) CONSTRAINT FLEG_FLIGHT_NUMBER_NNULL NOT NULL);
ALTER TABLE FLIGHT_LEG MODIFY (LEG_NUMBER NUMBER(1) CONSTRAINT FLEG_LEG_NUMBER_NNULL NOT NULL);
ALTER TABLE FLIGHT_LEG MODIFY (DEPARTURE_AIR_CODE CHAR(3) CONSTRAINT FLEG_DEPARTURE_AIR_CODE_NNULL NOT NULL);
ALTER TABLE FLIGHT_LEG MODIFY (SCHEDULED_DEPARTURE_TIME TIMESTAMP CONSTRAINT FLEG_SCHEDULED_DEPARTURE_TIME_NNULL NOT NULL);
ALTER TABLE FLIGHT_LEG MODIFY (ARRIVAL_AIRPORT_CODE CHAR(3) CONSTRAINT FLEG_ARRIVAL_AIRPORT_CODE_NNULL NOT NULL);
ALTER TABLE FLIGHT_LEG MODIFY (SCHEDULED_ARRIVAL_TIME TIMESTAMP CONSTRAINT FLEG_SCHEDULED_ARRIVAL_TIME_NNULL NOT NULL);

ALTER TABLE LEG_INSTANCE MODIFY (FLIGHT_NUMBER NUMBER(4) CONSTRAINT LEG_INST_FLIGHT_NUMBER_NNULL NOT NULL);
ALTER TABLE LEG_INSTANCE MODIFY (LEG_NUMBER NUMBER(1) CONSTRAINT LEG_INST_LEG_NUMBER_NNULL NOT NULL);
ALTER TABLE LEG_INSTANCE MODIFY (FECHA TIMESTAMP CONSTRAINT LEG_INST_FECHA_NNULL NOT NULL);
ALTER TABLE LEG_INSTANCE MODIFY (NUMBER_OF_AVAILABLE_SEATS NUMBER(4) CONSTRAINT LEG_INST_NUMBER_OF_AVAILABLE_SEATS_NNULL NOT NULL);
ALTER TABLE LEG_INSTANCE MODIFY (AIRPLANE_ID CHAR(8) CONSTRAINT LEG_INST_AIRPLANE_ID_NNULL NOT NULL);
ALTER TABLE LEG_INSTANCE MODIFY (DEPARTURE_AIRCODE CHAR(3) CONSTRAINT LEG_INST_DEPARTURE_AIRCODE_NNULL NOT NULL);
ALTER TABLE LEG_INSTANCE MODIFY (DEPARTURE_TIME TIMESTAMP CONSTRAINT LEG_INST_DEPARTURE_TIME_NNULL NOT NULL);
ALTER TABLE LEG_INSTANCE MODIFY (ARRIVAL_AIRPORT_CODE CHAR(3) CONSTRAINT LEG_INST_ARRIVAL_AIRPORT_CODE_NNULL NOT NULL);
ALTER TABLE LEG_INSTANCE MODIFY (ARRIVAL_TIME TIMESTAMP CONSTRAINT LEG_INST_ARRIVAL_TIME_NNULL NOT NULL);

ALTER TABLE FARE MODIFY (FLIGHT_NUMBER NUMBER(4) CONSTRAINT FARE_FLIGHT_NUMBER_NNULL NOT NULL);
ALTER TABLE FARE MODIFY (FARE_CODE CHAR(1) CONSTRAINT FARE_CODE_NNULL NOT NULL);
ALTER TABLE FARE MODIFY (AMOUNT NUMBER(7, 2) CONSTRAINT FARE_AMOUNT_NNULL NOT NULL);
ALTER TABLE FARE MODIFY (RESTRICTIONS VARCHAR2(3) CONSTRAINT FARE_RESTRICTIONS_NNULL NOT NULL);

ALTER TABLE AIRPLANE_TYPE MODIFY (AIRPLANE_TYPE_NAME CHAR(5) CONSTRAINT AIRPLANE_TYPE_NAME_NNULL NOT NULL);
ALTER TABLE AIRPLANE_TYPE MODIFY (MAX_SEATS NUMBER(3) CONSTRAINT AIRTYPE_MAX_SEATS_NNULL NOT NULL);
ALTER TABLE AIRPLANE_TYPE MODIFY (COMPANY VARCHAR2(40) CONSTRAINT AIRTYPE_COMPANY_NNULL NOT NULL);

ALTER TABLE CAN_LAND MODIFY (AIRPORT_TYPE_NAME NUMBER(2) CONSTRAINT CLAND_AIRPORT_TYPE_NAME_NNULL NOT NULL);
ALTER TABLE CAN_LAND MODIFY (AIRPORT_CODE CHAR(3) CONSTRAINT CLAND_AIRPORT_CODE_NNULL NOT NULL);

ALTER TABLE AIRPLANE MODIFY (AIRPLANE_ID CHAR(8) CONSTRAINT AIRPLANE_ID_NNULL NOT NULL);
ALTER TABLE AIRPLANE MODIFY (TOTAL_NUMBER_OF_SEATS NUMBER(3) CONSTRAINT AIRPLANE_TOTAL_NUMBER_OF_SEATS_NNULL NOT NULL);
ALTER TABLE AIRPLANE MODIFY (AIRPLANE_TYPE CHAR(5) CONSTRAINT AIRPLANE_AIRPLANE_TYPE_NNULL NOT NULL);

ALTER TABLE SEAT_RESERVATION MODIFY (FLIGHT_NUMBER NUMBER(4) CONSTRAINT SRESERV_FLIGHT_NUMBER_NNULL NOT NULL);
ALTER TABLE SEAT_RESERVATION MODIFY (LEG_NUMBER NUMBER(2) CONSTRAINT SRESERV_LEG_NUMBER_NNULL NOT NULL);
ALTER TABLE SEAT_RESERVATION MODIFY (FECHA TIMESTAMP CONSTRAINT SRESERV_FECHA_NNULL NOT NULL);
ALTER TABLE SEAT_RESERVATION MODIFY (SEAT_NUMBER CHAR(4) CONSTRAINT SRESERV_SEAT_NUMBER_NNULL NOT NULL);
ALTER TABLE SEAT_RESERVATION MODIFY (CUSTOMER_NAME VARCHAR2(40) CONSTRAINT SRESERV_CUSTOMER_NAME_NNULL NOT NULL);

-- Poblar la tabla AIRPORT
INSERT INTO AIRPORT (AIRPORT_CODE, NAME, CITY, STATE, COUNTRY) VALUES ('CDG', 'Aeropuerto de París-Charles de Gaulle', 'París', 'Isla de Francia', 'Francia');
INSERT INTO AIRPORT (AIRPORT_CODE, NAME, CITY, STATE, COUNTRY) VALUES ('DOH', 'Aeropuerto Internacional Hamad', 'Doha', 'Municipio de Doha', 'Catar');
INSERT INTO AIRPORT (AIRPORT_CODE, NAME, CITY, STATE, COUNTRY) VALUES ('DXB', 'Aeropuerto Internacional de Dubái', 'Dubái', 'Dubái', 'Emiratos Árabes Unidos');
INSERT INTO AIRPORT (AIRPORT_CODE, NAME, CITY, STATE, COUNTRY) VALUES ('EZE', 'Aeropuerto Internacional Ministro Pistarini', 'Ezeiza', 'Buenos Aires', 'Argentina');
INSERT INTO AIRPORT (AIRPORT_CODE, NAME, CITY, STATE, COUNTRY) VALUES ('FB', 'Aeropuerto de Iqaluit', 'Iqaluit', 'Nunavut', 'Canadá');
INSERT INTO AIRPORT (AIRPORT_CODE, NAME, CITY, STATE, COUNTRY) VALUES ('GDL', 'Aeropuerto Internacional de Guadalajara', 'Guadalajara', 'Jalisco', 'México');
INSERT INTO AIRPORT (AIRPORT_CODE, NAME, CITY, STATE, COUNTRY) VALUES ('JFK', 'Aeropuerto Internacional John F. Kennedy', 'Nueva York', 'Nueva York', 'Estados Unidos');
INSERT INTO AIRPORT (AIRPORT_CODE, NAME, CITY, STATE, COUNTRY) VALUES ('MTY', 'Aeropuerto Internacional Mariano Escobedo', 'Monterrey', 'Nuevo León', 'México');
INSERT INTO AIRPORT (AIRPORT_CODE, NAME, CITY, STATE, COUNTRY) VALUES ('MEX', 'Aeropuerto Internacional Benito Juárez', 'Ciudad de México', 'México', 'México');
INSERT INTO AIRPORT (AIRPORT_CODE, NAME, CITY, STATE, COUNTRY) VALUES ('YHU', 'Aeropuerto de Montreal-Saint Hubert', 'Montreal', 'Quebec', 'Canadá');
INSERT INTO AIRPORT (AIRPORT_CODE, NAME, CITY, STATE, COUNTRY) VALUES ('YHZ', 'Aeropuerto Internacional de Halifax-Stanfield', 'Halifax', 'Nueva Escocia', 'Canadá');
INSERT INTO AIRPORT (AIRPORT_CODE, NAME, CITY, STATE, COUNTRY) VALUES ('YOW', 'Aeropuerto Internacional de Ottawa', 'Ottawa', 'Ontario', 'Canadá');
INSERT INTO AIRPORT (AIRPORT_CODE, NAME, CITY, STATE, COUNTRY) VALUES ('YQB', 'Aeropuerto Internacional Jean-Lesage de Quebec', 'Quebec', 'Quebec', 'Canadá');
INSERT INTO AIRPORT (AIRPORT_CODE, NAME, CITY, STATE, COUNTRY) VALUES ('YRB', 'Aeropuerto de Resolute Bay', 'Resolute', 'Nunavut', 'Canadá');
INSERT INTO AIRPORT (AIRPORT_CODE, NAME, CITY, STATE, COUNTRY) VALUES ('YUL', 'Aeropuerto Internacional Pierre Elliott Trudeau', 'Montreal', 'Quebec', 'Canadá');
INSERT INTO AIRPORT (AIRPORT_CODE, NAME, CITY, STATE, COUNTRY) VALUES ('YVM', 'Aeropuerto de Qikiqtarjuaq', 'Qikiqtarjuaq', 'Nunavut', 'Canadá');
INSERT INTO AIRPORT (AIRPORT_CODE, NAME, CITY, STATE, COUNTRY) VALUES ('YVR', 'Aeropuerto Internacional de Vancouver', 'Vancouver', 'Columbia Británica', 'Canadá');
INSERT INTO AIRPORT (AIRPORT_CODE, NAME, CITY, STATE, COUNTRY) VALUES ('YWG', 'Aeropuerto Internacional James Armstrong Richardson', 'Winnipeg', 'Manitoba', 'Canadá');
INSERT INTO AIRPORT (AIRPORT_CODE, NAME, CITY, STATE, COUNTRY) VALUES ('YYY', 'Aeropuerto de Mont-Joli', 'Mont-Joli', 'Quebec', 'Canadá');
INSERT INTO AIRPORT (AIRPORT_CODE, NAME, CITY, STATE, COUNTRY) VALUES ('YYZ', 'Aeropuerto Internacional Toronto Pearson', 'Toronto', 'Ontario', 'Canadá');


-- Poblar la tabla FLIGHT
-- Poblar la tabla FLIGHT
INSERT INTO FLIGHT (FLIGHT_NUMBER, AIRLINE, WEEKDAYS) VALUES (1001, 'Air France', 'Lunes, Miércoles, Viernes');
INSERT INTO FLIGHT (FLIGHT_NUMBER, AIRLINE, WEEKDAYS) VALUES (2002, 'Qatar Airways', 'Martes, Jueves, Sábado');
INSERT INTO FLIGHT (FLIGHT_NUMBER, AIRLINE, WEEKDAYS) VALUES (3003, 'Emirates', 'Domingo, Martes, Jueves');
INSERT INTO FLIGHT (FLIGHT_NUMBER, AIRLINE, WEEKDAYS) VALUES (4004, 'Aerolíneas Argentinas', 'Lunes, Miércoles, Viernes');
INSERT INTO FLIGHT (FLIGHT_NUMBER, AIRLINE, WEEKDAYS) VALUES (5005, 'Air Canada', 'Lunes, Miércoles, Viernes');
INSERT INTO FLIGHT (FLIGHT_NUMBER, AIRLINE, WEEKDAYS) VALUES (6006, 'Aeroméxico', 'Martes, Jueves, Sábado');
INSERT INTO FLIGHT (FLIGHT_NUMBER, AIRLINE, WEEKDAYS) VALUES (7007, 'American Airlines', 'Domingo, Martes, Jueves');


-- Poblar la tabla AIRPLANE_TYPE
INSERT INTO AIRPLANE_TYPE (AIRPLANE_TYPE_NAME, MAX_SEATS, COMPANY) VALUES ('A320', 200, 'Airbus');
INSERT INTO AIRPLANE_TYPE (AIRPLANE_TYPE_NAME, MAX_SEATS, COMPANY) VALUES ('B777', 300, 'Boeing');
INSERT INTO AIRPLANE_TYPE (AIRPLANE_TYPE_NAME, MAX_SEATS, COMPANY) VALUES ('A350', 250, 'Airbus');

-- Poblar la tabla AIRPLANE
INSERT INTO AIRPLANE (AIRPLANE_ID, TOTAL_NUMBER_OF_SEATS, AIRPLANE_TYPE) VALUES ('A320-001', 200, 'A320');
INSERT INTO AIRPLANE (AIRPLANE_ID, TOTAL_NUMBER_OF_SEATS, AIRPLANE_TYPE) VALUES ('B777-001', 300, 'B777');
INSERT INTO AIRPLANE (AIRPLANE_ID, TOTAL_NUMBER_OF_SEATS, AIRPLANE_TYPE) VALUES ('A350-001', 250, 'A350');

-- Poblar la tabla FLIGHT_LEG
INSERT INTO FLIGHT_LEG (FLIGHT_NUMBER, LEG_NUMBER, DEPARTURE_AIR_CODE, SCHEDULED_DEPARTURE_TIME, ARRIVAL_AIRPORT_CODE, SCHEDULED_ARRIVAL_TIME) VALUES (1001, 1, 'CDG', TO_TIMESTAMP('2023-10-15 08:00:00', 'YYYY-MM-DD HH24:MI:SS'), 'DOH', TO_TIMESTAMP('2023-10-15 14:30:00', 'YYYY-MM-DD HH24:MI:SS'));
INSERT INTO FLIGHT_LEG (FLIGHT_NUMBER, LEG_NUMBER, DEPARTURE_AIR_CODE, SCHEDULED_DEPARTURE_TIME, ARRIVAL_AIRPORT_CODE, SCHEDULED_ARRIVAL_TIME) VALUES (2002, 1, 'DXB', TO_TIMESTAMP('2023-10-15 10:00:00', 'YYYY-MM-DD HH24:MI:SS'), 'EZE', TO_TIMESTAMP('2023-10-15 21:45:00', 'YYYY-MM-DD HH24:MI:SS'));
INSERT INTO FLIGHT_LEG (FLIGHT_NUMBER, LEG_NUMBER, DEPARTURE_AIR_CODE, SCHEDULED_DEPARTURE_TIME, ARRIVAL_AIRPORT_CODE, SCHEDULED_ARRIVAL_TIME) VALUES (3003, 2, 'FB', TO_TIMESTAMP('2023-10-15 23:00:00', 'YYYY-MM-DD HH24:MI:SS'), 'GDL', TO_TIMESTAMP('2023-10-16 02:00:00', 'YYYY-MM-DD HH24:MI:SS'));

-- Poblar la tabla LEG_INSTANCE
INSERT INTO LEG_INSTANCE (FLIGHT_NUMBER, LEG_NUMBER, FECHA, NUMBER_OF_AVAILABLE_SEATS, AIRPLANE_ID, DEPARTURE_AIRCODE, DEPARTURE_TIME, ARRIVAL_AIRPORT_CODE, ARRIVAL_TIME)
VALUES (1001, 1, TO_TIMESTAMP('2023-10-15 08:00:00', 'YYYY-MM-DD HH24:MI:SS'), 200, 'A320-001', 'CDG', TO_TIMESTAMP('2023-10-15 08:00:00', 'YYYY-MM-DD HH24:MI:SS'), 'DOH', TO_TIMESTAMP('2023-10-15 14:30:00', 'YYYY-MM-DD HH24:MI:SS'));

INSERT INTO LEG_INSTANCE (FLIGHT_NUMBER, LEG_NUMBER, FECHA, NUMBER_OF_AVAILABLE_SEATS, AIRPLANE_ID, DEPARTURE_AIRCODE, DEPARTURE_TIME, ARRIVAL_AIRPORT_CODE, ARRIVAL_TIME)
VALUES (2002, 1, TO_TIMESTAMP('2023-10-15 10:00:00', 'YYYY-MM-DD HH24:MI:SS'), 200, 'A350-001', 'DXB', TO_TIMESTAMP('2023-10-15 10:00:00', 'YYYY-MM-DD HH24:MI:SS'), 'EZE', TO_TIMESTAMP('2023-10-15 21:45:00', 'YYYY-MM-DD HH24:MI:SS'));

INSERT INTO LEG_INSTANCE (FLIGHT_NUMBER, LEG_NUMBER, FECHA, NUMBER_OF_AVAILABLE_SEATS, AIRPLANE_ID, DEPARTURE_AIRCODE, DEPARTURE_TIME, ARRIVAL_AIRPORT_CODE, ARRIVAL_TIME)
VALUES (3003, 2, TO_TIMESTAMP('2023-10-15 19:00:00', 'YYYY-MM-DD HH24:MI:SS'), 200, 'B777-001', 'EZE', TO_TIMESTAMP('2023-10-15 19:00:00', 'YYYY-MM-DD HH24:MI:SS'), 'FB', TO_TIMESTAMP('2023-10-15 21:00:00', 'YYYY-MM-DD HH24:MI:SS'));




-- Poblar la tabla FARE
INSERT INTO FARE (FLIGHT_NUMBER, FARE_CODE, AMOUNT, RESTRICTIONS) VALUES (1001, 'E', 300.00, 'NO');
INSERT INTO FARE (FLIGHT_NUMBER, FARE_CODE, AMOUNT, RESTRICTIONS) VALUES (2002, 'B', 600.00, 'YES');
INSERT INTO FARE (FLIGHT_NUMBER, FARE_CODE, AMOUNT, RESTRICTIONS) VALUES (3003, 'E', 350.00, 'NO');


-- Poblar la tabla CAN_LAND
INSERT INTO CAN_LAND (AIRPORT_TYPE_NAME, AIRPORT_CODE) VALUES (2, 'CDG');
INSERT INTO CAN_LAND (AIRPORT_TYPE_NAME, AIRPORT_CODE) VALUES (2, 'DOH');
INSERT INTO CAN_LAND (AIRPORT_TYPE_NAME, AIRPORT_CODE) VALUES (2, 'DXB');
INSERT INTO CAN_LAND (AIRPORT_TYPE_NAME, AIRPORT_CODE) VALUES (2, 'EZE');
INSERT INTO CAN_LAND (AIRPORT_TYPE_NAME, AIRPORT_CODE) VALUES (2, 'FB');
INSERT INTO CAN_LAND (AIRPORT_TYPE_NAME, AIRPORT_CODE) VALUES (2, 'GDL');


-- Poblar la tabla SEAT_RESERVATION
INSERT INTO SEAT_RESERVATION (FLIGHT_NUMBER, LEG_NUMBER, FECHA, SEAT_NUMBER, CUSTOMER_NAME, CUSTOMER_PHONE)
VALUES (1001, 1, TO_TIMESTAMP('2023-10-15 08:00:00', 'YYYY-MM-DD HH24:MI:SS'), '1A', 'John Doe', '555-123-4567');
INSERT INTO SEAT_RESERVATION (FLIGHT_NUMBER, LEG_NUMBER, FECHA, SEAT_NUMBER, CUSTOMER_NAME, CUSTOMER_PHONE)
VALUES (2002, 1, TO_TIMESTAMP('2023-10-15 10:00:00', 'YYYY-MM-DD HH24:MI:SS'), '2B', 'Jane Smith', '555-987-6543');
INSERT INTO SEAT_RESERVATION (FLIGHT_NUMBER, LEG_NUMBER, FECHA, SEAT_NUMBER, CUSTOMER_NAME, CUSTOMER_PHONE)
VALUES (3003, 2, TO_TIMESTAMP('2023-10-15 19:00:00', 'YYYY-MM-DD HH24:MI:SS'), '3C', 'Bob Johnson', '555-456-7890');


SPOOL OFF;
